use QLDUAN
go 

INSERT PHONGBAN (MaPB,TenPB, TrPhong, NgNhanChuc) VALUES('6','Nghien cuu',NULL,'06/22/1988')  
INSERT PHONGBAN (MaPB,TenPB, TrPhong, NgNhanChuc) VALUES('3','Hanh chinh',NULL,'01/01/1995') 
INSERT PHONGBAN (MaPB,TenPB, TrPhong, NgNhanChuc) VALUES('2','Giam doc',NULL,'06/19/1981') 

INSERT NHANVIEN 
VALUES('888665555', 'Le','Van','Bo', '11/10/1937','45 Ho Van Hue, Phu Nhuan, TPHCM', 'Nam', 55000,NULL,1 ) 
INSERT NHANVIEN 
VALUES('333445555', 'Phan','Van','Nghia', '12/08/1955','63 Tran Huy Lieu, Phu Nhuan, TPHCM', 'Nam', 40000,'888665555',5 ) 
INSERT NHANVIEN 
VALUES('123456789', 'Nguyen','Bao','Hung', '01/09/1965','73 Phan Dang Luu, Phu Nhuan, TPHCM', 'Nam', 30000,'333445555',5 ) 
INSERT NHANVIEN 
VALUES('666884444', 'Tran','Van','Nam', '09/15/1962','97 Dien Bien Phu, Binh Thanh, TPHCM', 'Nam', 38000,'333445555',5 ) 
INSERT NHANVIEN 
VALUES('453453453', 'Hoang','Kim','Yen', '07/31/1972','56 Thich Quang Duc, Phu Nhuan, TPHCM', 'Nu', 25000,'333445555',5 ) 
INSERT NHANVIEN 
VALUES('987654321', 'Du','Thi','Hau', '06/20/1941','29 Bach Dang, Tan Binh, TPHCM', 'Nu', 43000,'888665555',4 ) 
INSERT NHANVIEN 
VALUES('999887777', 'Au','Thi','Vuong', '01/19/1968','32 Cao Ba Nha, Q1, TPHCM', 'Nu', 25000,'987654321',4 ) 
INSERT NHANVIEN 
VALUES('987987987', 'Nguyen','Van','Giap', '03/29/1969','98 Huynh Van Banh, Phu Nhuan, TPHCM', 'Nam', 25000,'987654321',4 ) 

INSERT DIADIEM_PHONG VALUES(2, 'Phu Nhuan') 
INSERT DIADIEM_PHONG VALUES(3, 'Go Vap') 
INSERT DIADIEM_PHONG VALUES(6, 'Tan Binh') 
INSERT DIADIEM_PHONG VALUES(6, 'Phu Nhuan') 
INSERT DIADIEM_PHONG VALUES(6, 'Thu Duc')

INSERT DUAN VALUES(1,'San pham X', 'Tan Binh', 6) 
INSERT DUAN VALUES(2,'San pham y', 'Thu Duc', 6) 
INSERT DUAN VALUES(3,'San pham Z', 'Phu Nhuan', 6) 
INSERT DUAN VALUES(10,'Tin hoc hoa', 'Go Vap', 3) 
INSERT DUAN VALUES(20,'Tai to chuc', 'Phu Nhuan', 2) 
INSERT DUAN VALUES(30,'Phuc Loi', 'Go Vap', 3) 

INSERT PHANCONG VALUES('123456789',1,32.5) 
INSERT PHANCONG VALUES('123456789',2,7.5) 
INSERT PHANCONG VALUES('666884444',3,40.0) 
INSERT PHANCONG VALUES('453453453',1,20.0) 
INSERT PHANCONG VALUES('453453453',2,20.0) 
INSERT PHANCONG VALUES('333445555',2,10.0) 
INSERT PHANCONG VALUES('333445555',3,10.0) 
INSERT PHANCONG VALUES('333445555',10,10.0) 
INSERT PHANCONG VALUES('333445555',20,10.0) 
INSERT PHANCONG VALUES('999887777',30,30.0) 
INSERT PHANCONG VALUES('999887777',10,10.0) 
INSERT PHANCONG VALUES('987987987',10,35.0) 
INSERT PHANCONG VALUES('987987987',30,5.0) 
INSERT PHANCONG VALUES('987654321',30,20.0) 
INSERT PHANCONG VALUES('987654321',20,15.0) 
INSERT PHANCONG VALUES('888665555',20,NULL) 

INSERT THANNHAN VALUES('333445555','Anh','Nu','04/05/1986','Con gai') 
INSERT THANNHAN VALUES('333445555','The','Nam','10/25/1983','Con trai') 
INSERT THANNHAN VALUES('333445555','Loi','Nu','05/03/1958','Vo') 
INSERT THANNHAN VALUES('987654321','An','Nam','02/28/1942','Chong') 
INSERT THANNHAN VALUES('123456789','Minh','Nam','01/04/1988','Con trai')

INSERT THANNHAN VALUES('123456789','Anh','Nu','12/30/1988','Con gai') 
INSERT THANNHAN VALUES('123456789','Yen','Nu','05/05/1967','Vo') 

UPDATE PHONGBAN SET TrPhong = '333445555' WHERE MaPB = 5 
UPDATE PHONGBAN SET TrPhong = '987654321' WHERE MaPB = 4 
UPDATE PHONGBAN SET TrPhong = '888665555' WHERE MaPB = 1